<?xml version="1.0" encoding="UTF-8" standalone="yes"?>
<addon
  id="repository.allejok96"
  name="allejok96's Repository"
  version="0.1.0"
  provider-name="allejok96">
  
    <extension point="xbmc.addon.repository" name="allejok96's Repository">
	    <info compressed="false">https://raw.githubusercontent.com/allejok96/repository.allejok96/master/addons.xml</info>
	    <checksum>https://raw.githubusercontent.com/allejok96/repository.allejok96/master/addons.xml.md5</checksum>
	    <datadir zip="true">https://raw.githubusercontent.com/allejok96/repository.allejok96/master/</datadir>
    </extension>
    
    <extension point="xbmc.addon.metadata">
	    <summary>allejok96's Repository</summary>
	    <description>Including JWB Unofficial add-on</description>
	    <platform>all</platform>
    </extension>
    
</addon>
