<?xml version="1.0" encoding="UTF-8" standalone="yes"?>
<addon
  id="plugin.video.jwb-unofficial"
  version="1.11.2"
  name="JWB unofficial"
  provider-name="allejok96">

  <requires>
    <!-- Gotham 13.x -->
    <import addon="xbmc.addon" version="13.0.0" />
  </requires>

  <extension point="xbmc.python.pluginsource" library="addon.py">
    <provides>video</provides>
  </extension>

  <extension point="xbmc.addon.metadata">
    <summary lang="en">Unofficial JW Broadcasting client</summary>
    <description lang="en">Watch latest videos, play streaming channels and listen to audio recordings from JW Broadcasting.</description>
    <disclaimer lang="en">This is not an official plugin, please do not contact jw.org for support.</disclaimer>
    <platform>all</platform>
    <news>v1.11.2 (2019-09-20)
    - Performance optimizations
    - Play single videos in another language
    - Improved looks and metadata scrapping
    - Heavy code rewriting</news>
    <assets>
      <icon>icon.png</icon>
      <fanart>fanart.jpg</fanart>
      <screenshot>resources/screenshot-01.jpg</screenshot>
      <screenshot>resources/screenshot-02.jpg</screenshot>
      <screenshot>resources/screenshot-03.jpg</screenshot>
    </assets>
  </extension>
</addon>
