<?xml version="1.0" encoding="UTF-8" standalone="yes"?>
<addon
  id="plugin.video.jwb-unofficial"
  version="1.9"
  name="JWB unofficial"
  provider-name="allejok96">

  <requires>
    <import addon="xbmc.python" version="2.1.0" />
    <import addon="script.module.simplejson" version="3.3.0" />
  </requires>

  <extension point="xbmc.python.pluginsource" library="addon.py">
    <provides>video</provides>
  </extension>

  <extension point="xbmc.addon.metadata">
    <summary lang="en">Unofficial JW Broadcasting client</summary>
    <description lang="en">Watch and listen to content from JW Broadcasting. Consider using the official JW Broadcasting app, if available on your device. Or even just the tv.jw.org website, as this plugin is not officially supported by the Watchtower Society.</description>
    <disclaimer lang="en">This is not an offical plugin, please do not contact jw.org for support.</disclaimer>
    <platform>all</platform>
  </extension>
</addon>
