<?xml version="1.0" encoding="UTF-8" standalone="yes"?>
<!-- minversion was introduced in Kodi 13 -->
<!-- maxversion was introduced in Kodi 19 -->
<addon id="repository.allejok96" name="allejok's repository" version="0.2.0" provider-name="allejok96">
  <extension point="xbmc.addon.repository" name="allejok's repository">
    <dir maxversion="18.99.0">
      <info compressed="false">https://raw.githubusercontent.com/allejok96/repository.allejok96/kodi18/addons.xml</info>
      <checksum>https://raw.githubusercontent.com/allejok96/repository.allejok96/kodi18/addons.xml.md5</checksum>
      <datadir>https://raw.githubusercontent.com/allejok96/repository.allejok96/kodi18/</datadir>
    </dir>
    <dir minversion="19.0.0">
      <info compressed="false">https://raw.githubusercontent.com/allejok96/repository.allejok96/master/addons.xml</info>
      <checksum>https://raw.githubusercontent.com/allejok96/repository.allejok96/master/addons.xml.md5</checksum>
      <datadir>https://raw.githubusercontent.com/allejok96/repository.allejok96/master/</datadir>
    </dir>
  </extension>
  <extension point="xbmc.addon.metadata">
    <dir>
      <summary>allejok's repository</summary>
      <description>Including JWB Unofficial add-on</description>
      <platform>all</platform>
      <assets>
        <icon>icon.png</icon>
        <fanart>fanart.jpg</fanart>
      </assets>
    </dir>
  </extension>
</addon>
