<?xml version="1.0" encoding="UTF-8" standalone="yes"?>
<!-- Old syntax without <dir> tag not supported by Kodi 20 -->
<addon id="repository.allejok96" name="allejok's repository" version="0.1.1" provider-name="allejok96">
  <extension point="xbmc.addon.repository" name="allejok's repository">
    <info compressed="false">https://raw.githubusercontent.com/allejok96/repository.allejok96/kodi18/addons.xml</info>
    <checksum>https://raw.githubusercontent.com/allejok96/repository.allejok96/kodi18/addons.xml.md5</checksum>
    <datadir zip="true">https://raw.githubusercontent.com/allejok96/repository.allejok96/kodi18/</datadir>
  </extension>
  <extension point="xbmc.addon.metadata">
    <summary>allejok's repository</summary>
    <description>Including JWB Unofficial add-on</description>
    <platform>all</platform>
    <assets>
      <icon>icon.png</icon>
      <fanart>fanart.jpg</fanart>
    </assets>
  </extension>
</addon>
